"","entity_ID","geology","entity_class2"
"1",1,"nondev","Non-oceanic"
"2",2,"nondev","Non-oceanic"
"3",3,"dev","Oceanic"
"4",5,"nondev","Non-oceanic"
"5",6,"nondev","Non-oceanic"
"6",7,"nondev","Non-oceanic"
"7",8,"nondev","Non-oceanic"
"8",9,"nondev","Non-oceanic"
"9",10,"nondev","Non-oceanic"
"10",11,"nondev","Non-oceanic"
"11",12,"nondev","Non-oceanic"
"12",13,"nondev","Non-oceanic"
"13",14,"nondev","Non-oceanic"
"14",15,"nondev","Non-oceanic"
"15",16,"nondev","Non-oceanic"
"16",17,"nondev","Non-oceanic"
"17",18,"nondev","Non-oceanic"
"18",19,"nondev","Non-oceanic"
"19",20,"nondev","Non-oceanic"
"20",22,"nondev","Non-oceanic"
"21",23,"nondev","Non-oceanic"
"22",24,"nondev","Non-oceanic"
"23",25,"nondev","Non-oceanic"
"24",26,"nondev","Non-oceanic"
"25",28,"nondev","Non-oceanic"
"26",29,"nondev","Non-oceanic"
"27",30,"nondev","Non-oceanic"
"28",31,"nondev","Non-oceanic"
"29",33,"nondev","Non-oceanic"
"30",34,"nondev","Non-oceanic"
"31",35,"nondev","Non-oceanic"
"32",36,"nondev","Non-oceanic"
"33",37,"nondev","Non-oceanic"
"34",38,"nondev","Non-oceanic"
"35",39,"nondev","Non-oceanic"
"36",40,"nondev","Non-oceanic"
"37",41,"nondev","Non-oceanic"
"38",43,"nondev","Non-oceanic"
"39",44,"nondev","Non-oceanic"
"40",45,"nondev","Non-oceanic"
"41",46,"nondev","Non-oceanic"
"42",47,"nondev","Non-oceanic"
"43",48,"nondev","Non-oceanic"
"44",49,"nondev","Non-oceanic"
"45",50,"nondev","Non-oceanic"
"46",51,"nondev","Non-oceanic"
"47",52,"nondev","Non-oceanic"
"48",53,"nondev","Non-oceanic"
"49",54,"nondev","Non-oceanic"
"50",55,"nondev","Non-oceanic"
"51",56,"nondev","Non-oceanic"
"52",57,"nondev","Non-oceanic"
"53",58,"nondev","Non-oceanic"
"54",59,"nondev","Non-oceanic"
"55",60,"nondev","Non-oceanic"
"56",61,"nondev","Non-oceanic"
"57",62,"nondev","Non-oceanic"
"58",63,"nondev","Non-oceanic"
"59",64,"nondev","Non-oceanic"
"60",65,"nondev","Non-oceanic"
"61",66,"nondev","Non-oceanic"
"62",67,"nondev","Non-oceanic"
"63",68,"nondev","Non-oceanic"
"64",69,"nondev","Non-oceanic"
"65",70,"nondev","Non-oceanic"
"66",71,"nondev","Non-oceanic"
"67",72,"nondev","Non-oceanic"
"68",73,"nondev","Non-oceanic"
"69",74,"nondev","Non-oceanic"
"70",75,"nondev","Non-oceanic"
"71",76,"nondev","Non-oceanic"
"72",77,"nondev","Non-oceanic"
"73",78,"nondev","Non-oceanic"
"74",79,"nondev","Non-oceanic"
"75",80,"nondev","Non-oceanic"
"76",81,"nondev","Non-oceanic"
"77",82,"nondev","Non-oceanic"
"78",83,"nondev","Non-oceanic"
"79",84,"nondev","Non-oceanic"
"80",85,"nondev","Non-oceanic"
"81",86,"nondev","Non-oceanic"
"82",87,"nondev","Non-oceanic"
"83",88,"nondev","Non-oceanic"
"84",89,"nondev","Non-oceanic"
"85",90,"nondev","Non-oceanic"
"86",91,"nondev","Non-oceanic"
"87",92,"nondev","Non-oceanic"
"88",94,"nondev","Non-oceanic"
"89",95,"nondev","Non-oceanic"
"90",96,"nondev","Non-oceanic"
"91",97,"nondev","Non-oceanic"
"92",98,"nondev","Non-oceanic"
"93",99,"nondev","Non-oceanic"
"94",100,"nondev","Non-oceanic"
"95",101,"nondev","Non-oceanic"
"96",102,"nondev","Non-oceanic"
"97",103,"nondev","Non-oceanic"
"98",104,"nondev","Non-oceanic"
"99",105,"nondev","Non-oceanic"
"100",106,"nondev","Non-oceanic"
"101",107,"nondev","Non-oceanic"
"102",108,"nondev","Non-oceanic"
"103",109,"nondev","Non-oceanic"
"104",110,"nondev","Non-oceanic"
"105",111,"nondev","Non-oceanic"
"106",112,"nondev","Non-oceanic"
"107",113,"nondev","Non-oceanic"
"108",114,"nondev","Non-oceanic"
"109",115,"nondev","Non-oceanic"
"110",116,"nondev","Non-oceanic"
"111",117,"nondev","Non-oceanic"
"112",118,"nondev","Non-oceanic"
"113",119,"nondev","Non-oceanic"
"114",120,"nondev","Non-oceanic"
"115",121,"nondev","Non-oceanic"
"116",122,"nondev","Non-oceanic"
"117",123,"nondev","Non-oceanic"
"118",124,"nondev","Non-oceanic"
"119",125,"dev","Oceanic"
"120",126,"dev","Oceanic"
"121",127,"dev","Oceanic"
"122",128,"dev","Oceanic"
"123",129,"dev","Oceanic"
"124",131,"dev","Oceanic"
"125",132,"dev","Oceanic"
"126",133,"dev","Oceanic"
"127",134,"dev","Oceanic"
"128",135,"dev","Oceanic"
"129",136,"dev","Oceanic"
"130",137,"dev","Oceanic"
"131",138,"dev","Oceanic"
"132",139,"dev","Oceanic"
"133",140,"nondev","Non-oceanic"
"134",141,"nondev","Non-oceanic"
"135",142,"nondev","Non-oceanic"
"136",143,"nondev","Non-oceanic"
"137",144,"dev","Oceanic"
"138",145,"dev","Oceanic"
"139",146,"dev","Oceanic"
"140",147,"dev","Oceanic"
"141",148,"dev","Oceanic"
"142",149,"dev","Oceanic"
"143",150,"dev","Oceanic"
"144",151,"dev","Oceanic"
"145",152,"nondev","Non-oceanic"
"146",153,"nondev","Non-oceanic"
"147",154,"dev","Oceanic"
"148",155,"dev","Oceanic"
"149",156,"dev","Oceanic"
"150",157,"dev","Oceanic"
"151",158,"dev","Oceanic"
"152",159,"dev","Oceanic"
"153",160,"dev","Oceanic"
"154",161,"dev","Oceanic"
"155",162,"dev","Oceanic"
"156",163,"dev","Oceanic"
"157",164,"dev","Oceanic"
"158",165,"dev","Oceanic"
"159",166,"dev","Oceanic"
"160",167,"dev","Oceanic"
"161",170,"dev","Oceanic"
"162",171,"dev","Oceanic"
"163",172,"dev","Oceanic"
"164",173,"dev","Oceanic"
"165",174,"dev","Oceanic"
"166",175,"dev","Oceanic"
"167",176,"dev","Oceanic"
"168",177,"dev","Oceanic"
"169",178,"dev","Oceanic"
"170",179,"dev","Oceanic"
"171",180,"dev","Oceanic"
"172",181,"dev","Oceanic"
"173",183,"dev","Oceanic"
"174",184,"dev","Oceanic"
"175",185,"dev","Oceanic"
"176",186,"dev","Oceanic"
"177",187,"dev","Oceanic"
"178",189,"dev","Oceanic"
"179",191,"nondev","Non-oceanic"
"180",192,"nondev","Non-oceanic"
"181",193,"nondev","Non-oceanic"
"182",194,"nondev","Non-oceanic"
"183",195,"nondev","Non-oceanic"
"184",196,"nondev","Non-oceanic"
"185",197,"nondev","Non-oceanic"
"186",198,"nondev","Non-oceanic"
"187",199,"nondev","Non-oceanic"
"188",201,"nondev","Non-oceanic"
"189",202,"dev","Oceanic"
"190",203,"dev","Oceanic"
"191",204,"dev","Oceanic"
"192",205,"dev","Oceanic"
"193",206,"dev","Oceanic"
"194",207,"dev","Oceanic"
"195",208,"dev","Oceanic"
"196",209,"dev","Oceanic"
"197",211,"dev","Oceanic"
"198",212,"dev","Oceanic"
"199",213,"dev","Oceanic"
"200",214,"dev","Oceanic"
"201",216,"dev","Oceanic"
"202",217,"dev","Oceanic"
"203",218,"dev","Oceanic"
"204",219,"dev","Oceanic"
"205",220,"dev","Oceanic"
"206",221,"dev","Oceanic"
"207",231,"nondev","Non-oceanic"
"208",232,"nondev","Non-oceanic"
"209",233,"nondev","Non-oceanic"
"210",234,"nondev","Non-oceanic"
"211",235,"nondev","Non-oceanic"
"212",236,"nondev","Non-oceanic"
"213",237,"dev","Oceanic"
"214",238,"dev","Oceanic"
"215",239,"dev","Oceanic"
"216",240,"dev","Oceanic"
"217",241,"dev","Oceanic"
"218",242,"dev","Oceanic"
"219",243,"dev","Oceanic"
"220",244,"dev","Oceanic"
"221",245,"dev","Oceanic"
"222",246,"nondev","Non-oceanic"
"223",247,"dev","Oceanic"
"224",248,"nondev","Non-oceanic"
"225",249,"nondev","Non-oceanic"
"226",250,"nondev","Non-oceanic"
"227",251,"nondev","Non-oceanic"
"228",252,"nondev","Non-oceanic"
"229",253,"nondev","Non-oceanic"
"230",254,"nondev","Non-oceanic"
"231",255,"nondev","Non-oceanic"
"232",256,"nondev","Non-oceanic"
"233",257,"nondev","Non-oceanic"
"234",258,"nondev","Non-oceanic"
"235",259,"nondev","Non-oceanic"
"236",260,"nondev","Non-oceanic"
"237",261,"nondev","Non-oceanic"
"238",262,"nondev","Non-oceanic"
"239",263,"nondev","Non-oceanic"
"240",264,"nondev","Non-oceanic"
"241",265,"nondev","Non-oceanic"
"242",266,"nondev","Non-oceanic"
"243",267,"nondev","Non-oceanic"
"244",268,"nondev","Non-oceanic"
"245",269,"nondev","Non-oceanic"
"246",270,"nondev","Non-oceanic"
"247",271,"nondev","Non-oceanic"
"248",272,"nondev","Non-oceanic"
"249",273,"nondev","Non-oceanic"
"250",274,"nondev","Non-oceanic"
"251",275,"nondev","Non-oceanic"
"252",276,"nondev","Non-oceanic"
"253",277,"dev","Oceanic"
"254",278,"dev","Oceanic"
"255",279,"dev","Oceanic"
"256",280,"dev","Oceanic"
"257",281,"dev","Oceanic"
"258",282,"dev","Oceanic"
"259",283,"dev","Oceanic"
"260",284,"nondev","Non-oceanic"
"261",285,"dev","Oceanic"
"262",286,"nondev","Non-oceanic"
"263",287,"nondev","Non-oceanic"
"264",288,"dev","Oceanic"
"265",289,"dev","Oceanic"
"266",290,"dev","Oceanic"
"267",293,"nondev","Non-oceanic"
"268",326,"nondev","Non-oceanic"
"269",327,"dev","Oceanic"
"270",331,"dev","Oceanic"
"271",334,"dev","Oceanic"
"272",335,"dev","Oceanic"
"273",344,"nondev","Non-oceanic"
"274",345,"nondev","Non-oceanic"
"275",346,NA,NA
"276",347,"nondev","Non-oceanic"
"277",348,"dev","Oceanic"
"278",349,"dev","Oceanic"
"279",350,"dev","Oceanic"
"280",351,"dev","Oceanic"
"281",352,"dev","Oceanic"
"282",353,"nondev","Non-oceanic"
"283",354,"dev","Oceanic"
"284",355,"dev","Oceanic"
"285",356,"dev","Oceanic"
"286",357,"nondev","Non-oceanic"
"287",358,"dev","Oceanic"
"288",359,"dev","Oceanic"
"289",361,"dev","Oceanic"
"290",362,"dev","Oceanic"
"291",363,"dev","Oceanic"
"292",364,"dev","Oceanic"
"293",365,"dev","Oceanic"
"294",366,"dev","Oceanic"
"295",367,"dev","Oceanic"
"296",368,"dev","Oceanic"
"297",369,"dev","Oceanic"
"298",370,"dev","Oceanic"
"299",371,"nondev","Non-oceanic"
"300",374,"dev","Oceanic"
"301",375,"dev","Oceanic"
"302",376,"nondev","Non-oceanic"
"303",377,"dev","Oceanic"
"304",378,"dev","Oceanic"
"305",379,"dev","Oceanic"
"306",380,"dev","Oceanic"
"307",381,"dev","Oceanic"
"308",382,"dev","Oceanic"
"309",383,"dev","Oceanic"
"310",384,"dev","Oceanic"
"311",385,"dev","Oceanic"
"312",386,"dev","Oceanic"
"313",387,"dev","Oceanic"
"314",388,"dev","Oceanic"
"315",389,"dev","Oceanic"
"316",390,"dev","Oceanic"
"317",391,"dev","Oceanic"
"318",392,"dev","Oceanic"
"319",394,"dev","Oceanic"
"320",395,"dev","Oceanic"
"321",396,"dev","Oceanic"
"322",397,"nondev","Non-oceanic"
"323",399,"dev","Oceanic"
"324",400,"dev","Oceanic"
"325",401,"dev","Oceanic"
"326",402,"dev","Oceanic"
"327",404,"dev","Oceanic"
"328",405,"dev","Oceanic"
"329",406,"dev","Oceanic"
"330",407,"dev","Oceanic"
"331",408,"dev","Oceanic"
"332",409,"dev","Oceanic"
"333",410,"dev","Oceanic"
"334",411,"dev","Oceanic"
"335",412,"nondev","Non-oceanic"
"336",413,"dev","Oceanic"
"337",414,"dev","Oceanic"
"338",415,"dev","Oceanic"
"339",416,"dev","Oceanic"
"340",417,"dev","Oceanic"
"341",418,"dev","Oceanic"
"342",419,"dev","Oceanic"
"343",421,"dev","Oceanic"
"344",422,"dev","Oceanic"
"345",423,"dev","Oceanic"
"346",424,"dev","Oceanic"
"347",425,"dev","Oceanic"
"348",426,"dev","Oceanic"
"349",427,"dev","Oceanic"
"350",428,"dev","Oceanic"
"351",429,"dev","Oceanic"
"352",430,"dev","Oceanic"
"353",431,"dev","Oceanic"
"354",432,"nondev","Non-oceanic"
"355",451,"dev","Oceanic"
"356",460,"dev","Oceanic"
"357",465,"dev","Oceanic"
"358",479,"dev","Oceanic"
"359",480,"dev","Oceanic"
"360",481,"dev","Oceanic"
"361",482,"dev","Oceanic"
"362",490,"dev","Oceanic"
"363",494,"dev","Oceanic"
"364",496,"dev","Oceanic"
"365",499,"dev","Oceanic"
"366",505,"dev","Oceanic"
"367",507,"dev","Oceanic"
"368",509,"dev","Oceanic"
"369",521,"dev","Oceanic"
"370",528,"dev","Oceanic"
"371",534,"dev","Oceanic"
"372",536,"dev","Oceanic"
"373",537,"dev","Oceanic"
"374",538,"dev","Oceanic"
"375",539,"dev","Oceanic"
"376",540,"dev","Oceanic"
"377",541,"dev","Oceanic"
"378",542,"dev","Oceanic"
"379",543,"dev","Oceanic"
"380",544,"dev","Oceanic"
"381",546,"nondev","Non-oceanic"
"382",547,"nondev","Non-oceanic"
"383",548,"nondev","Non-oceanic"
"384",549,"nondev","Non-oceanic"
"385",550,"nondev","Non-oceanic"
"386",551,"nondev","Non-oceanic"
"387",552,"nondev","Non-oceanic"
"388",553,"nondev","Non-oceanic"
"389",554,"nondev","Non-oceanic"
"390",555,"dev","Oceanic"
"391",557,"nondev","Non-oceanic"
"392",558,"dev","Oceanic"
"393",559,"dev","Oceanic"
"394",560,"dev","Oceanic"
"395",561,"dev","Oceanic"
"396",562,"dev","Oceanic"
"397",563,"dev","Oceanic"
"398",564,"dev","Oceanic"
"399",566,"dev","Oceanic"
"400",567,"dev","Oceanic"
"401",568,"dev","Oceanic"
"402",569,"dev","Oceanic"
"403",570,"dev","Oceanic"
"404",571,"dev","Oceanic"
"405",572,"dev","Oceanic"
"406",574,"dev","Oceanic"
"407",575,"dev","Oceanic"
"408",576,"dev","Oceanic"
"409",579,"nondev","Non-oceanic"
"410",580,"nondev","Non-oceanic"
"411",581,"nondev","Non-oceanic"
"412",582,"nondev","Non-oceanic"
"413",583,"nondev","Non-oceanic"
"414",584,"nondev","Non-oceanic"
"415",585,"nondev","Non-oceanic"
"416",593,"dev","Oceanic"
"417",594,"dev","Oceanic"
"418",595,"nondev","Non-oceanic"
"419",596,"nondev","Non-oceanic"
"420",597,"dev","Oceanic"
"421",598,"nondev","Non-oceanic"
"422",599,"nondev","Non-oceanic"
"423",600,"dev","Oceanic"
"424",604,"dev","Oceanic"
"425",605,"dev","Oceanic"
"426",606,"dev","Oceanic"
"427",607,"dev","Oceanic"
"428",608,"nondev","Non-oceanic"
"429",609,"nondev","Non-oceanic"
"430",610,"nondev","Non-oceanic"
"431",611,"dev","Oceanic"
"432",612,"nondev","Non-oceanic"
"433",613,"nondev","Non-oceanic"
"434",614,"nondev","Non-oceanic"
"435",615,"nondev","Non-oceanic"
"436",616,"nondev","Non-oceanic"
"437",617,"nondev","Non-oceanic"
"438",618,"nondev","Non-oceanic"
"439",619,"nondev","Non-oceanic"
"440",620,"nondev","Non-oceanic"
"441",621,"nondev","Non-oceanic"
"442",622,"nondev","Non-oceanic"
"443",623,"nondev","Non-oceanic"
"444",624,"nondev","Non-oceanic"
"445",625,"nondev","Non-oceanic"
"446",626,"nondev","Non-oceanic"
"447",627,"dev","Oceanic"
"448",628,"nondev","Non-oceanic"
"449",632,"nondev","Non-oceanic"
"450",633,"nondev","Non-oceanic"
"451",634,"nondev","Non-oceanic"
"452",635,"nondev","Non-oceanic"
"453",636,"nondev","Non-oceanic"
"454",638,"nondev","Non-oceanic"
"455",640,"nondev","Non-oceanic"
"456",641,"dev","Oceanic"
"457",642,"dev","Oceanic"
"458",644,"dev","Oceanic"
"459",645,"dev","Oceanic"
"460",648,"dev","Oceanic"
"461",649,"nondev","Non-oceanic"
"462",650,"nondev","Non-oceanic"
"463",661,"nondev","Non-oceanic"
"464",665,"dev","Oceanic"
"465",666,"dev","Oceanic"
"466",674,"nondev","Non-oceanic"
"467",675,"dev","Oceanic"
"468",678,"dev","Oceanic"
"469",680,"dev","Oceanic"
"470",694,"dev","Oceanic"
"471",695,"dev","Oceanic"
"472",696,"dev","Oceanic"
"473",700,"dev","Oceanic"
"474",702,"nondev","Non-oceanic"
"475",703,"nondev","Non-oceanic"
"476",705,"dev","Oceanic"
"477",706,"dev","Oceanic"
"478",710,"dev","Oceanic"
"479",717,"nondev","Non-oceanic"
"480",718,"nondev","Non-oceanic"
"481",719,"nondev","Non-oceanic"
"482",720,"nondev","Non-oceanic"
"483",721,"nondev","Non-oceanic"
"484",722,"nondev","Non-oceanic"
"485",723,"nondev","Non-oceanic"
"486",724,"nondev","Non-oceanic"
"487",725,"nondev","Non-oceanic"
"488",727,"nondev","Non-oceanic"
"489",728,"nondev","Non-oceanic"
"490",729,"nondev","Non-oceanic"
"491",730,"nondev","Non-oceanic"
"492",731,"nondev","Non-oceanic"
"493",733,"nondev","Non-oceanic"
"494",734,"nondev","Non-oceanic"
"495",736,"nondev","Non-oceanic"
"496",737,"nondev","Non-oceanic"
"497",738,"nondev","Non-oceanic"
"498",739,"nondev","Non-oceanic"
"499",742,"dev","Oceanic"
"500",743,"dev","Oceanic"
"501",747,"dev","Oceanic"
"502",748,"dev","Oceanic"
"503",753,"dev","Oceanic"
"504",775,"dev","Oceanic"
"505",780,"dev","Oceanic"
"506",781,"dev","Oceanic"
"507",803,"dev","Oceanic"
"508",844,"dev","Oceanic"
"509",845,"dev","Oceanic"
"510",846,"dev","Oceanic"
"511",854,"dev","Oceanic"
"512",903,"dev","Oceanic"
"513",904,"dev","Oceanic"
"514",905,"dev","Oceanic"
"515",906,"dev","Oceanic"
"516",907,"dev","Oceanic"
"517",908,"dev","Oceanic"
"518",909,"dev","Oceanic"
"519",910,"dev","Oceanic"
"520",920,"nondev","Non-oceanic"
"521",921,"dev","Oceanic"
"522",922,"nondev","Non-oceanic"
"523",923,"nondev","Non-oceanic"
"524",925,"dev","Oceanic"
"525",927,"dev","Oceanic"
"526",928,"dev","Oceanic"
"527",929,"dev","Oceanic"
"528",930,"dev","Oceanic"
"529",931,"dev","Oceanic"
"530",932,"dev","Oceanic"
"531",933,"dev","Oceanic"
"532",934,"nondev","Non-oceanic"
"533",935,"nondev","Non-oceanic"
"534",936,"dev","Oceanic"
"535",937,"nondev","Non-oceanic"
"536",938,"nondev","Non-oceanic"
"537",939,"nondev","Non-oceanic"
"538",940,"nondev","Non-oceanic"
"539",941,"nondev","Non-oceanic"
"540",942,"nondev","Non-oceanic"
"541",943,"nondev","Non-oceanic"
"542",944,"nondev","Non-oceanic"
"543",945,"nondev","Non-oceanic"
"544",946,"dev","Oceanic"
"545",947,"dev","Oceanic"
"546",948,"dev","Oceanic"
"547",950,"dev","Oceanic"
"548",951,"dev","Oceanic"
"549",952,"dev","Oceanic"
"550",953,"dev","Oceanic"
"551",954,"dev","Oceanic"
"552",955,"dev","Oceanic"
"553",956,"dev","Oceanic"
"554",957,"nondev","Non-oceanic"
"555",958,"nondev","Non-oceanic"
"556",959,"dev","Oceanic"
"557",960,"nondev","Non-oceanic"
"558",961,"nondev","Non-oceanic"
"559",962,"nondev","Non-oceanic"
"560",963,"nondev","Non-oceanic"
"561",964,"nondev","Non-oceanic"
"562",965,"dev","Oceanic"
"563",966,"dev","Oceanic"
"564",967,"nondev","Non-oceanic"
"565",970,"dev","Oceanic"
"566",971,"dev","Oceanic"
"567",972,"dev","Oceanic"
"568",973,"dev","Oceanic"
"569",974,"dev","Oceanic"
"570",975,"dev","Oceanic"
"571",976,"dev","Oceanic"
"572",982,"dev","Oceanic"
"573",983,"dev","Oceanic"
"574",984,"dev","Oceanic"
"575",986,"nondev","Non-oceanic"
"576",989,"nondev","Non-oceanic"
"577",990,"nondev","Non-oceanic"
"578",992,"nondev","Non-oceanic"
"579",993,"nondev","Non-oceanic"
"580",994,"nondev","Non-oceanic"
"581",999,"dev","Oceanic"
"582",1003,"nondev","Non-oceanic"
"583",1004,"nondev","Non-oceanic"
"584",1005,"nondev","Non-oceanic"
"585",1007,"nondev","Non-oceanic"
"586",1010,"nondev","Non-oceanic"
"587",1011,"nondev","Non-oceanic"
"588",1012,"nondev","Non-oceanic"
"589",1013,"nondev","Non-oceanic"
"590",1014,"nondev","Non-oceanic"
"591",1015,"nondev","Non-oceanic"
"592",1017,"nondev","Non-oceanic"
"593",1020,"dev","Oceanic"
"594",1021,"dev","Oceanic"
"595",1022,"dev","Oceanic"
"596",1023,"dev","Oceanic"
"597",1024,"dev","Oceanic"
"598",1025,"dev","Oceanic"
"599",1026,"dev","Oceanic"
"600",1027,"dev","Oceanic"
"601",1028,"dev","Oceanic"
"602",1030,"nondev","Non-oceanic"
"603",1032,"dev","Oceanic"
"604",1045,"nondev","Non-oceanic"
"605",1048,"dev","Oceanic"
"606",1049,"nondev","Non-oceanic"
"607",1054,"dev","Oceanic"
"608",1058,"dev","Oceanic"
"609",1059,"dev","Oceanic"
"610",1064,"nondev","Non-oceanic"
"611",1065,"nondev","Non-oceanic"
"612",1069,"nondev","Non-oceanic"
"613",1075,"dev","Oceanic"
"614",1085,"nondev","Non-oceanic"
"615",1086,"nondev","Non-oceanic"
"616",1096,"nondev","Non-oceanic"
"617",1104,"nondev","Non-oceanic"
"618",1209,"nondev","Non-oceanic"
"619",1225,"dev","Oceanic"
"620",1226,NA,NA
"621",1297,NA,NA
"622",1298,"nondev","Non-oceanic"
"623",1299,NA,NA
"624",1300,"nondev","Non-oceanic"
"625",1301,"nondev","Non-oceanic"
"626",1302,NA,NA
"627",1303,"nondev","Non-oceanic"
"628",1304,"nondev","Non-oceanic"
"629",1305,"nondev","Non-oceanic"
"630",1306,"nondev","Non-oceanic"
"631",1307,"nondev","Non-oceanic"
"632",1308,NA,NA
"633",1309,"nondev","Non-oceanic"
"634",1310,NA,NA
"635",1311,NA,NA
"636",1312,"dev","Oceanic"
"637",1313,"dev","Oceanic"
"638",1314,"nondev","Non-oceanic"
"639",1315,"nondev","Non-oceanic"
"640",1317,"nondev","Non-oceanic"
"641",1498,NA,NA
"642",1500,"dev","Oceanic"
"643",1503,"nondev","Non-oceanic"
"644",1504,"nondev","Non-oceanic"
"645",1507,"nondev","Non-oceanic"
"646",1555,NA,NA
"647",10002,NA,"Mainland"
"648",10004,NA,"Mainland"
"649",10007,NA,"Mainland"
"650",10010,NA,"Mainland"
"651",10013,NA,"Mainland"
"652",10014,NA,"Mainland"
"653",10015,NA,"Mainland"
"654",10017,NA,"Mainland"
"655",10018,NA,"Mainland"
"656",10020,NA,"Mainland"
"657",10021,NA,"Mainland"
"658",10022,NA,"Mainland"
"659",10023,NA,"Mainland"
"660",10024,NA,"Mainland"
"661",10025,NA,"Mainland"
"662",10028,NA,"Mainland"
"663",10029,NA,"Mainland"
"664",10030,NA,"Mainland"
"665",10031,NA,"Mainland"
"666",10032,NA,"Mainland"
"667",10034,NA,"Mainland"
"668",10039,NA,"Mainland"
"669",10040,NA,"Mainland"
"670",10050,NA,"Mainland"
"671",10051,NA,"Mainland"
"672",10052,NA,"Mainland"
"673",10053,NA,"Mainland"
"674",10056,NA,"Mainland"
"675",10057,NA,"Mainland"
"676",10059,NA,"Mainland"
"677",10063,NA,"Mainland"
"678",10064,NA,"Mainland"
"679",10065,NA,"Mainland"
"680",10066,NA,"Mainland"
"681",10072,NA,"Mainland"
"682",10075,NA,"Mainland"
"683",10078,NA,"Mainland"
"684",10080,NA,"Mainland"
"685",10081,NA,"Mainland"
"686",10082,NA,"Mainland"
"687",10083,NA,"Mainland"
"688",10084,NA,"Mainland"
"689",10085,NA,"Mainland"
"690",10086,NA,"Mainland"
"691",10087,NA,"Mainland"
"692",10088,NA,"Mainland"
"693",10089,NA,"Mainland"
"694",10090,NA,NA
"695",10091,NA,"Mainland"
"696",10092,NA,"Mainland"
"697",10093,NA,"Mainland"
"698",10094,NA,"Mainland"
"699",10095,NA,"Mainland"
"700",10101,NA,"Mainland"
"701",10103,NA,"Mainland"
"702",10104,NA,"Mainland"
"703",10106,NA,"Mainland"
"704",10107,NA,"Mainland"
"705",10108,NA,"Mainland"
"706",10109,NA,"Mainland"
"707",10110,NA,"Mainland"
"708",10112,NA,"Mainland"
"709",10113,NA,"Mainland"
"710",10114,NA,"Mainland"
"711",10115,NA,"Mainland"
"712",10116,NA,"Mainland"
"713",10117,NA,"Mainland"
"714",10118,NA,"Mainland"
"715",10119,NA,"Mainland"
"716",10121,NA,"Mainland"
"717",10122,NA,"Mainland"
"718",10123,NA,"Mainland"
"719",10124,NA,"Mainland"
"720",10125,NA,"Mainland"
"721",10126,NA,"Mainland"
"722",10127,NA,"Mainland"
"723",10128,"dev","Oceanic"
"724",10129,NA,"Mainland"
"725",10130,NA,"Mainland"
"726",10131,NA,"Mainland"
"727",10132,NA,"Mainland"
"728",10133,NA,NA
"729",10134,NA,"Mainland"
"730",10136,NA,"Mainland"
"731",10137,NA,"Mainland"
"732",10138,NA,"Mainland"
"733",10139,NA,NA
"734",10140,NA,"Mainland"
"735",10141,NA,NA
"736",10142,NA,NA
"737",10143,NA,NA
"738",10144,NA,"Mainland"
"739",10145,NA,"Mainland"
"740",10146,NA,"Mainland"
"741",10147,NA,"Mainland"
"742",10149,NA,"Mainland"
"743",10150,NA,"Mainland"
"744",10151,NA,"Mainland"
"745",10152,NA,"Mainland"
"746",10153,NA,"Mainland"
"747",10154,NA,"Mainland"
"748",10155,NA,"Mainland"
"749",10156,NA,"Mainland"
"750",10157,NA,"Mainland"
"751",10158,NA,"Mainland"
"752",10159,NA,"Mainland"
"753",10160,NA,"Mainland"
"754",10161,NA,"Mainland"
"755",10162,NA,"Mainland"
"756",10163,NA,"Mainland"
"757",10164,NA,"Mainland"
"758",10165,NA,"Mainland"
"759",10166,NA,"Mainland"
"760",10167,NA,"Mainland"
"761",10168,NA,"Mainland"
"762",10169,NA,"Mainland"
"763",10170,NA,"Mainland"
"764",10171,NA,"Mainland"
"765",10172,NA,"Mainland"
"766",10173,NA,"Mainland"
"767",10174,NA,"Mainland"
"768",10175,NA,"Mainland"
"769",10176,NA,"Mainland"
"770",10178,NA,"Mainland"
"771",10179,NA,"Mainland"
"772",10180,NA,"Mainland"
"773",10181,NA,"Mainland"
"774",10183,NA,"Mainland"
"775",10184,NA,"Mainland"
"776",10202,NA,"Mainland"
"777",10207,NA,"Mainland"
"778",10209,NA,"Mainland"
"779",10215,NA,"Mainland"
"780",10216,NA,"Mainland"
"781",10221,NA,"Mainland"
"782",10222,NA,"Mainland"
"783",10223,NA,"Mainland"
"784",10224,NA,"Mainland"
"785",10225,NA,"Mainland"
"786",10226,NA,"Mainland"
"787",10227,NA,"Mainland"
"788",10228,NA,"Mainland"
"789",10230,NA,"Mainland"
"790",10231,NA,"Mainland"
"791",10232,NA,"Mainland"
"792",10233,NA,"Mainland"
"793",10234,NA,"Mainland"
"794",10235,NA,"Mainland"
"795",10236,NA,"Mainland"
"796",10237,NA,"Mainland"
"797",10238,NA,"Mainland"
"798",10239,NA,"Mainland"
"799",10240,NA,"Mainland"
"800",10241,NA,"Mainland"
"801",10242,NA,"Mainland"
"802",10244,NA,"Mainland"
"803",10245,NA,"Mainland"
"804",10246,NA,"Mainland"
"805",10247,NA,"Mainland"
"806",10248,NA,"Mainland"
"807",10249,NA,"Mainland"
"808",10250,NA,"Mainland"
"809",10251,NA,"Mainland"
"810",10252,NA,"Mainland"
"811",10253,NA,"Mainland"
"812",10254,NA,"Mainland"
"813",10255,NA,"Mainland"
"814",10256,NA,"Mainland"
"815",10257,NA,"Mainland"
"816",10258,NA,"Mainland"
"817",10259,NA,"Mainland"
"818",10260,NA,"Mainland"
"819",10261,NA,"Mainland"
"820",10262,NA,"Mainland"
"821",10263,NA,"Mainland"
"822",10264,NA,"Mainland"
"823",10265,NA,"Mainland"
"824",10268,NA,"Mainland"
"825",10270,NA,"Mainland"
"826",10271,NA,"Mainland"
"827",10272,NA,"Mainland"
"828",10273,NA,"Mainland"
"829",10274,NA,"Mainland"
"830",10275,NA,"Mainland"
"831",10276,NA,"Mainland"
"832",10277,NA,"Mainland"
"833",10278,NA,"Mainland"
"834",10279,NA,"Mainland"
"835",10280,NA,"Mainland"
"836",10281,NA,NA
"837",10283,NA,"Mainland"
"838",10284,NA,"Mainland"
"839",10285,NA,"Mainland"
"840",10286,NA,"Mainland"
"841",10287,NA,"Mainland"
"842",10288,NA,"Mainland"
"843",10289,NA,"Mainland"
"844",10290,NA,"Mainland"
"845",10309,NA,"Mainland"
"846",10310,NA,"Mainland"
"847",10311,NA,"Mainland"
"848",10312,NA,"Mainland"
"849",10320,NA,"Mainland"
"850",10321,NA,"Mainland"
"851",10324,NA,"Mainland"
"852",10327,NA,"Mainland"
"853",10329,NA,"Mainland"
"854",10330,NA,"Mainland"
"855",10331,NA,"Mainland"
"856",10332,NA,"Mainland"
"857",10333,NA,"Mainland"
"858",10334,NA,"Mainland"
"859",10335,NA,"Mainland"
"860",10336,NA,NA
"861",10337,NA,"Mainland"
"862",10339,NA,"Mainland"
"863",10340,NA,"Mainland"
"864",10341,NA,"Mainland"
"865",10342,NA,"Mainland"
"866",10343,NA,"Mainland"
"867",10344,NA,"Mainland"
"868",10345,NA,"Mainland"
"869",10346,NA,"Mainland"
"870",10347,NA,"Mainland"
"871",10349,NA,"Mainland"
"872",10350,NA,"Mainland"
"873",10351,NA,"Mainland"
"874",10352,NA,"Mainland"
"875",10353,NA,"Mainland"
"876",10354,NA,"Mainland"
"877",10355,NA,"Mainland"
"878",10358,NA,"Mainland"
"879",10359,NA,"Mainland"
"880",10360,NA,"Mainland"
"881",10361,NA,"Mainland"
"882",10363,NA,"Mainland"
"883",10364,NA,"Mainland"
"884",10365,NA,"Mainland"
"885",10366,NA,"Mainland"
"886",10367,NA,"Mainland"
"887",10368,NA,"Mainland"
"888",10369,NA,"Mainland"
"889",10371,NA,"Mainland"
"890",10372,NA,"Mainland"
"891",10373,NA,"Mainland"
"892",10374,NA,"Mainland"
"893",10376,NA,"Mainland"
"894",10377,NA,"Mainland"
"895",10378,NA,"Mainland"
"896",10380,NA,"Mainland"
"897",10381,NA,NA
"898",10406,NA,"Mainland"
"899",10407,NA,"Mainland"
"900",10408,NA,"Mainland"
"901",10410,NA,"Mainland"
"902",10411,NA,"Mainland"
"903",10412,NA,"Mainland"
"904",10413,NA,"Mainland"
"905",10417,NA,"Mainland"
"906",10418,NA,"Mainland"
"907",10419,NA,"Mainland"
"908",10420,NA,"Mainland"
"909",10422,NA,"Mainland"
"910",10429,NA,"Mainland"
"911",10430,NA,"Mainland"
"912",10448,NA,"Mainland"
"913",10449,NA,"Mainland"
"914",10450,NA,"Mainland"
"915",10451,NA,"Mainland"
"916",10452,NA,"Mainland"
"917",10453,NA,"Mainland"
"918",10454,NA,"Mainland"
"919",10455,NA,"Mainland"
"920",10456,NA,"Mainland"
"921",10457,NA,"Mainland"
"922",10458,NA,"Mainland"
"923",10459,NA,"Mainland"
"924",10460,NA,"Mainland"
"925",10461,NA,"Mainland"
"926",10462,NA,"Mainland"
"927",10463,NA,"Mainland"
"928",10464,NA,"Mainland"
"929",10465,NA,"Mainland"
"930",10466,NA,"Mainland"
"931",10467,NA,"Mainland"
"932",10469,NA,"Mainland"
"933",10470,NA,"Mainland"
"934",10471,NA,"Mainland"
"935",10472,NA,"Mainland"
"936",10473,NA,"Mainland"
"937",10474,NA,"Mainland"
"938",10475,NA,"Mainland"
"939",10476,NA,"Mainland"
"940",10477,NA,"Mainland"
"941",10478,NA,"Mainland"
"942",10483,NA,"Mainland"
"943",10484,NA,"Mainland"
"944",10485,NA,"Mainland"
"945",10486,NA,"Mainland"
"946",10487,NA,"Mainland"
"947",10488,NA,"Mainland"
"948",10489,NA,"Mainland"
"949",10490,NA,"Mainland"
"950",10491,NA,"Mainland"
"951",10492,NA,"Mainland"
"952",10493,NA,"Mainland"
"953",10494,NA,"Mainland"
"954",10495,NA,"Mainland"
"955",10496,NA,"Mainland"
"956",10497,NA,"Mainland"
"957",10499,NA,"Mainland"
"958",10500,NA,"Mainland"
"959",10501,NA,"Mainland"
"960",10502,NA,"Mainland"
"961",10503,NA,"Mainland"
"962",10504,NA,"Mainland"
"963",10505,NA,"Mainland"
"964",10506,NA,"Mainland"
"965",10507,NA,"Mainland"
"966",10508,NA,"Mainland"
"967",10509,NA,"Mainland"
"968",10511,NA,"Mainland"
"969",10512,NA,"Mainland"
"970",10567,NA,"Mainland"
"971",10571,NA,"Mainland"
"972",10572,NA,"Mainland"
"973",10582,NA,"Mainland"
"974",10594,NA,"Mainland"
"975",10599,NA,"Mainland"
"976",10608,NA,"Mainland"
"977",10636,NA,"Mainland"
"978",10637,NA,"Mainland"
"979",10654,"nondev","Non-oceanic"
"980",10656,NA,"Mainland"
"981",10657,NA,NA
"982",10667,NA,"Mainland"
"983",10672,NA,NA
"984",10674,"dev","Oceanic"
"985",10679,NA,"Mainland"
"986",10680,NA,"Mainland"
"987",10683,NA,"Mainland"
"988",10686,NA,NA
"989",10691,NA,"Mainland"
"990",10698,NA,"Mainland"
"991",10700,NA,"Mainland"
"992",10701,NA,"Mainland"
"993",10703,NA,"Mainland"
"994",10704,NA,"Mainland"
"995",10710,NA,"Mainland"
"996",10716,NA,"Mainland"
"997",10726,NA,"Mainland"
"998",10731,NA,"Mainland"
"999",10732,NA,"Mainland"
"1000",10733,NA,"Mainland"
"1001",10740,NA,"Mainland"
"1002",10743,NA,"Mainland"
"1003",10746,NA,"Mainland"
"1004",10753,NA,"Mainland"
"1005",10755,NA,"Mainland"
"1006",10761,NA,"Mainland"
"1007",10768,NA,"Mainland"
"1008",10769,NA,"Mainland"
"1009",10785,NA,"Mainland"
"1010",10786,NA,"Mainland"
"1011",10788,NA,"Mainland"
"1012",10797,NA,"Mainland"
"1013",10806,NA,"Mainland"
"1014",10807,NA,"Mainland"
"1015",10816,NA,"Mainland"
"1016",10824,"nondev","Non-oceanic"
"1017",10825,NA,"Mainland"
"1018",10830,NA,"Mainland"
"1019",10837,NA,"Mainland"
"1020",10844,NA,"Mainland"
"1021",10850,NA,NA
"1022",10851,NA,"Mainland"
"1023",10857,NA,"Mainland"
"1024",10861,NA,"Mainland"
"1025",10862,NA,"Mainland"
"1026",10877,NA,NA
"1027",10888,NA,"Mainland"
"1028",10897,NA,"Mainland"
"1029",10910,NA,"Mainland"
"1030",10912,NA,NA
"1031",10922,NA,"Mainland"
"1032",10925,NA,"Mainland"
"1033",10932,NA,"Mainland"
"1034",10935,NA,"Mainland"
"1035",10936,NA,"Mainland"
"1036",10937,NA,"Mainland"
"1037",10938,NA,"Mainland"
"1038",10939,NA,"Mainland"
"1039",10940,NA,"Mainland"
"1040",10941,NA,"Mainland"
"1041",10943,NA,"Mainland"
"1042",10944,NA,"Mainland"
"1043",10945,NA,"Mainland"
"1044",10946,NA,"Mainland"
"1045",10947,NA,"Mainland"
"1046",10948,NA,"Mainland"
"1047",10949,NA,"Mainland"
"1048",10950,NA,"Mainland"
"1049",10951,NA,"Mainland"
"1050",10952,NA,"Mainland"
"1051",10953,NA,NA
"1052",10954,NA,"Mainland"
"1053",10955,NA,"Mainland"
"1054",10956,NA,"Mainland"
"1055",10957,NA,"Mainland"
"1056",10958,NA,"Mainland"
"1057",10960,NA,"Mainland"
"1058",10978,NA,"Mainland"
"1059",11011,NA,"Mainland"
"1060",11012,NA,"Mainland"
"1061",11013,NA,"Mainland"
"1062",11014,NA,"Mainland"
"1063",11015,NA,"Mainland"
"1064",11016,NA,"Mainland"
"1065",11017,NA,"Mainland"
"1066",11018,NA,"Mainland"
"1067",11019,NA,"Mainland"
"1068",11020,NA,"Mainland"
"1069",11021,NA,"Mainland"
"1070",11022,NA,"Mainland"
"1071",11025,NA,NA
"1072",11026,NA,"Mainland"
"1073",11029,NA,"Mainland"
"1074",11030,NA,"Mainland"
"1075",11031,NA,"Mainland"
"1076",11033,NA,"Mainland"
"1077",11034,NA,"Mainland"
"1078",11035,NA,"Mainland"
"1079",11038,NA,"Mainland"
"1080",11039,NA,"Mainland"
"1081",11042,NA,"Mainland"
"1082",11043,NA,"Mainland"
"1083",11044,NA,"Mainland"
"1084",11045,NA,"Mainland"
"1085",11046,NA,"Mainland"
"1086",11047,NA,"Mainland"
"1087",11048,NA,"Mainland"
"1088",11050,NA,"Mainland"
"1089",11051,NA,"Mainland"
"1090",11052,NA,"Mainland"
"1091",11054,NA,"Mainland"
"1092",11055,NA,"Mainland"
"1093",11056,NA,"Mainland"
"1094",11057,NA,"Mainland"
"1095",11058,NA,"Mainland"
"1096",11059,NA,"Mainland"
"1097",11060,NA,"Mainland"
"1098",11061,NA,"Mainland"
"1099",11062,NA,"Mainland"
"1100",11066,NA,"Mainland"
"1101",11067,NA,"Mainland"
"1102",11068,NA,"Mainland"
"1103",11069,NA,"Mainland"
"1104",11070,NA,"Mainland"
"1105",11071,NA,"Mainland"
"1106",11072,NA,"Mainland"
"1107",11073,NA,"Mainland"
"1108",11074,NA,"Mainland"
"1109",11075,NA,"Mainland"
"1110",11076,NA,"Mainland"
"1111",11078,NA,"Mainland"
"1112",11079,NA,"Mainland"
"1113",11081,NA,"Mainland"
"1114",11082,NA,"Mainland"
"1115",11083,NA,"Mainland"
"1116",11085,NA,"Mainland"
"1117",11086,NA,"Mainland"
"1118",11087,NA,"Mainland"
"1119",11089,NA,"Mainland"
"1120",11090,NA,"Mainland"
"1121",11091,NA,"Mainland"
"1122",11092,NA,"Mainland"
"1123",11093,NA,"Mainland"
"1124",11094,NA,"Mainland"
"1125",11095,NA,"Mainland"
"1126",11096,NA,"Mainland"
"1127",11097,NA,"Mainland"
"1128",11098,NA,"Mainland"
"1129",11099,NA,"Mainland"
"1130",11101,NA,"Mainland"
"1131",11103,NA,"Mainland"
"1132",11106,NA,"Mainland"
"1133",11107,NA,"Mainland"
"1134",11108,NA,"Mainland"
"1135",11109,NA,"Mainland"
"1136",11110,NA,"Mainland"
"1137",11111,NA,"Mainland"
"1138",11112,NA,"Mainland"
"1139",11113,NA,"Mainland"
"1140",11114,NA,"Mainland"
"1141",11115,NA,"Mainland"
"1142",11116,NA,"Mainland"
"1143",11117,NA,"Mainland"
"1144",11118,NA,"Mainland"
"1145",11119,NA,"Mainland"
"1146",11120,NA,NA
"1147",11121,NA,"Mainland"
"1148",11122,NA,"Mainland"
"1149",11123,NA,"Mainland"
"1150",11124,NA,"Mainland"
"1151",11125,NA,"Mainland"
"1152",11126,NA,"Mainland"
"1153",11127,NA,"Mainland"
"1154",11129,NA,"Mainland"
"1155",11130,NA,"Mainland"
"1156",11131,NA,"Mainland"
"1157",11132,NA,"Mainland"
"1158",11133,NA,"Mainland"
"1159",11134,NA,"Mainland"
"1160",11135,"nondev","Non-oceanic"
"1161",11136,"dev","Oceanic"
"1162",11137,NA,NA
"1163",11138,NA,NA
"1164",11139,NA,NA
"1165",11140,NA,NA
"1166",11141,NA,NA
"1167",11142,NA,NA
"1168",11143,NA,NA
"1169",11144,NA,NA
"1170",11145,NA,NA
"1171",11146,NA,NA
"1172",11147,NA,NA
"1173",11148,NA,NA
"1174",11149,NA,NA
"1175",11150,NA,NA
"1176",11151,NA,NA
"1177",11152,NA,NA
"1178",11153,NA,NA
"1179",11154,NA,NA
"1180",11155,NA,NA
"1181",11156,"nondev","Non-oceanic"
"1182",11157,NA,NA
"1183",11158,"nondev","Non-oceanic"
"1184",11159,NA,NA
"1185",11160,NA,NA
"1186",11161,NA,NA
"1187",11162,NA,NA
"1188",11163,NA,NA
"1189",11164,NA,NA
"1190",11165,NA,NA
"1191",11166,NA,NA
"1192",11167,NA,NA
"1193",11168,NA,NA
"1194",11169,NA,NA
"1195",11170,NA,NA
"1196",11171,NA,NA
"1197",11172,NA,NA
"1198",11173,NA,NA
"1199",11174,NA,NA
"1200",11175,NA,NA
"1201",11176,NA,NA
"1202",11177,NA,NA
"1203",11178,NA,NA
"1204",11179,NA,NA
"1205",11180,NA,NA
"1206",11187,NA,NA
"1207",11188,NA,NA
"1208",11189,NA,NA
"1209",11190,NA,NA
"1210",11191,NA,NA
"1211",11192,NA,NA
"1212",11193,NA,NA
"1213",11194,NA,NA
"1214",11195,NA,NA
"1215",11196,NA,NA
"1216",11197,NA,NA
"1217",11198,NA,NA
"1218",11199,NA,NA
"1219",11200,NA,NA
"1220",11201,NA,NA
"1221",11202,NA,NA
"1222",11203,NA,NA
"1223",11204,NA,NA
"1224",11205,NA,NA
"1225",11206,NA,NA
"1226",11207,NA,NA
"1227",11208,NA,NA
"1228",11209,NA,NA
"1229",11210,NA,NA
"1230",11211,NA,NA
"1231",11212,NA,NA
"1232",11213,NA,NA
"1233",11214,NA,NA
"1234",11215,NA,NA
"1235",11216,NA,NA
"1236",11217,NA,NA
"1237",11218,NA,NA
"1238",11219,NA,NA
"1239",11220,NA,NA
"1240",11221,NA,NA
"1241",11222,NA,NA
"1242",11223,NA,NA
"1243",11224,NA,NA
"1244",11225,NA,NA
"1245",11226,NA,NA
"1246",11227,NA,NA
"1247",11228,NA,NA
"1248",11229,NA,NA
"1249",11230,NA,NA
"1250",11231,NA,NA
"1251",11232,NA,NA
"1252",11233,NA,NA
"1253",11234,NA,NA
"1254",11235,NA,NA
"1255",11236,NA,NA
"1256",11237,NA,NA
"1257",11238,NA,NA
"1258",11239,NA,NA
"1259",11240,NA,NA
"1260",11241,NA,NA
"1261",11242,NA,NA
"1262",11243,NA,NA
"1263",11244,NA,NA
"1264",11245,NA,NA
"1265",11246,NA,NA
"1266",11247,NA,NA
"1267",11248,NA,NA
"1268",11249,NA,NA
"1269",11250,NA,NA
"1270",11251,NA,NA
"1271",11252,NA,NA
"1272",11253,NA,NA
"1273",11254,NA,NA
"1274",11255,NA,NA
"1275",11256,NA,NA
"1276",11257,NA,NA
"1277",11258,NA,NA
"1278",11259,NA,NA
"1279",11260,NA,NA
"1280",11261,NA,NA
"1281",11262,NA,NA
"1282",11263,NA,NA
"1283",11264,NA,NA
"1284",11265,NA,NA
"1285",11266,NA,NA
"1286",11267,NA,NA
"1287",11268,NA,NA
"1288",11269,NA,NA
"1289",11270,"nondev","Non-oceanic"
"1290",11271,NA,NA
"1291",11272,NA,NA
"1292",11273,"nondev","Non-oceanic"
"1293",11274,"nondev","Non-oceanic"
"1294",11275,NA,NA
"1295",11276,NA,NA
"1296",11277,NA,NA
"1297",11278,NA,NA
"1298",11279,NA,NA
"1299",11280,NA,NA
"1300",11281,NA,NA
"1301",11282,"nondev","Non-oceanic"
"1302",11283,NA,NA
"1303",11284,NA,NA
"1304",11285,NA,NA
"1305",11286,NA,NA
"1306",11287,NA,NA
"1307",11288,NA,NA
"1308",11289,NA,NA
"1309",11290,NA,NA
"1310",11291,NA,NA
"1311",11292,NA,NA
"1312",11293,NA,NA
"1313",11294,NA,NA
"1314",11295,NA,NA
"1315",11296,NA,NA
"1316",11297,NA,NA
"1317",11298,NA,NA
"1318",11299,NA,NA
"1319",11300,NA,NA
"1320",11301,NA,NA
"1321",11302,NA,NA
"1322",11303,NA,NA
"1323",11304,NA,NA
"1324",11305,NA,NA
"1325",11306,NA,NA
"1326",11307,NA,NA
"1327",11308,NA,NA
"1328",11309,NA,NA
"1329",11310,NA,NA
"1330",11311,NA,NA
"1331",11312,NA,NA
"1332",11313,NA,NA
"1333",11314,"nondev","Non-oceanic"
"1334",11315,NA,NA
"1335",11316,NA,NA
"1336",11317,NA,NA
"1337",11318,NA,NA
"1338",11319,NA,NA
"1339",11320,NA,NA
"1340",11321,NA,NA
"1341",11322,NA,NA
"1342",11323,NA,NA
"1343",11324,NA,NA
"1344",11325,NA,NA
"1345",11326,NA,NA
"1346",11327,NA,NA
"1347",11328,NA,NA
"1348",11329,NA,NA
"1349",11330,NA,NA
"1350",11331,NA,NA
"1351",11332,NA,NA
"1352",11333,NA,NA
"1353",11334,NA,NA
"1354",11335,NA,NA
"1355",11336,NA,NA
"1356",11337,NA,NA
"1357",11338,NA,NA
"1358",11339,NA,NA
"1359",11340,NA,NA
"1360",11341,NA,NA
"1361",11342,NA,NA
"1362",11343,NA,NA
"1363",11344,NA,NA
"1364",11345,NA,NA
"1365",11346,NA,NA
"1366",11347,NA,NA
"1367",11348,NA,NA
"1368",11349,NA,NA
"1369",11350,NA,NA
"1370",11351,NA,NA
"1371",11352,NA,NA
"1372",11353,"dev","Oceanic"
"1373",11354,NA,NA
"1374",11355,NA,NA
"1375",11356,NA,NA
"1376",11357,NA,NA
"1377",11358,NA,NA
"1378",11359,NA,NA
"1379",11394,NA,"Mainland"
"1380",11395,NA,"Mainland"
"1381",11396,NA,"Mainland"
"1382",11397,NA,"Mainland"
"1383",11398,NA,"Mainland"
"1384",11399,NA,"Mainland"
"1385",11400,NA,"Mainland"
"1386",11402,NA,"Mainland"
"1387",11403,NA,"Mainland"
"1388",11405,NA,"Mainland"
"1389",11407,NA,"Mainland"
"1390",11408,NA,"Mainland"
"1391",11409,NA,"Mainland"
"1392",11410,NA,"Mainland"
"1393",11411,NA,"Mainland"
"1394",11412,NA,"Mainland"
"1395",11413,NA,"Mainland"
"1396",11414,NA,"Mainland"
"1397",11415,NA,"Mainland"
"1398",11416,NA,"Mainland"
"1399",11418,NA,"Mainland"
"1400",11420,NA,"Mainland"
"1401",11421,NA,"Mainland"
"1402",11422,NA,"Mainland"
"1403",11423,NA,"Mainland"
"1404",11424,NA,"Mainland"
"1405",11425,NA,"Mainland"
"1406",11426,NA,"Mainland"
"1407",11427,NA,"Mainland"
"1408",11428,NA,"Mainland"
"1409",11429,NA,"Mainland"
"1410",11430,NA,"Mainland"
"1411",11431,NA,"Mainland"
"1412",11432,NA,"Mainland"
"1413",11434,NA,"Mainland"
"1414",11441,NA,"Mainland"
"1415",11443,NA,"Mainland"
"1416",11446,NA,NA
"1417",11453,"nondev","Non-oceanic"
"1418",11456,NA,"Mainland"
"1419",11469,NA,"Mainland"
"1420",11470,NA,"Mainland"
"1421",11471,NA,"Mainland"
"1422",11472,NA,"Mainland"
"1423",11474,"dev","Oceanic"
"1424",11476,NA,"Mainland"
"1425",11478,NA,"Mainland"
"1426",11491,NA,"Mainland"
"1427",11492,NA,NA
"1428",11496,NA,"Mainland"
"1429",11506,NA,"Mainland"
"1430",11507,NA,"Mainland"
"1431",11630,NA,NA
"1432",11635,NA,NA
"1433",11640,NA,NA
"1434",11642,NA,NA
"1435",11664,"nondev","Non-oceanic"
"1436",11691,NA,NA
"1437",11692,NA,NA
"1438",11693,NA,NA
"1439",11694,NA,NA
"1440",11695,NA,NA
"1441",11696,NA,NA
"1442",11697,NA,NA
"1443",11698,NA,NA
"1444",11700,NA,NA
"1445",11701,NA,NA
"1446",11702,NA,NA
"1447",11703,NA,NA
"1448",11704,NA,NA
"1449",11705,NA,NA
"1450",11706,"nondev","Non-oceanic"
"1451",11707,NA,NA
"1452",11708,NA,NA
"1453",11709,"nondev","Non-oceanic"
"1454",11710,"nondev","Non-oceanic"
"1455",11711,NA,NA
"1456",11712,NA,NA
"1457",11713,NA,NA
"1458",11715,NA,NA
"1459",11716,NA,NA
"1460",11717,NA,NA
"1461",11718,NA,NA
"1462",11719,NA,NA
"1463",11720,NA,NA
"1464",11721,NA,NA
"1465",11722,NA,NA
"1466",11723,NA,NA
"1467",11724,NA,NA
"1468",11725,"nondev","Non-oceanic"
"1469",11726,"nondev","Non-oceanic"
"1470",11727,NA,NA
"1471",11728,NA,NA
"1472",11729,NA,NA
"1473",11730,NA,NA
"1474",11731,NA,NA
"1475",11732,NA,NA
"1476",11733,NA,NA
"1477",11734,NA,NA
"1478",11735,NA,NA
"1479",11736,NA,NA
"1480",11737,NA,NA
"1481",11738,NA,NA
"1482",11739,NA,NA
"1483",11740,NA,NA
"1484",11741,NA,NA
"1485",11742,NA,NA
"1486",11743,NA,NA
"1487",11744,NA,NA
"1488",11745,NA,NA
"1489",11746,NA,NA
"1490",11747,NA,NA
"1491",11748,NA,NA
"1492",11749,NA,NA
"1493",11750,NA,NA
"1494",11751,NA,NA
"1495",11752,NA,NA
"1496",11753,NA,NA
"1497",11754,NA,NA
"1498",11755,NA,NA
"1499",11756,NA,NA
"1500",11757,NA,NA
"1501",11758,NA,NA
"1502",11759,NA,NA
"1503",11760,NA,NA
"1504",11762,"dev","Oceanic"
"1505",11763,"dev","Oceanic"
"1506",11764,"dev","Oceanic"
"1507",11765,NA,NA
"1508",11766,NA,NA
"1509",11767,NA,NA
"1510",11768,NA,NA
"1511",11769,NA,NA
"1512",11770,NA,NA
"1513",11771,NA,NA
"1514",11772,NA,NA
"1515",11773,NA,NA
"1516",11774,NA,NA
"1517",11775,NA,NA
"1518",11776,NA,NA
"1519",11777,NA,NA
"1520",11778,NA,NA
"1521",11779,NA,NA
"1522",11780,NA,NA
"1523",11781,NA,NA
"1524",11782,NA,NA
"1525",11783,NA,NA
"1526",11784,"dev","Oceanic"
"1527",11785,NA,NA
"1528",11786,NA,NA
"1529",11787,NA,NA
"1530",11788,NA,NA
"1531",11789,NA,NA
"1532",11790,NA,NA
"1533",11791,NA,NA
"1534",11792,NA,NA
"1535",11793,NA,NA
"1536",11794,NA,NA
"1537",11796,NA,NA
"1538",11797,NA,NA
"1539",11798,NA,NA
"1540",11799,NA,NA
"1541",11800,NA,NA
"1542",11801,NA,NA
"1543",11802,NA,NA
"1544",11803,NA,NA
"1545",11805,NA,NA
"1546",11930,NA,"Mainland"
"1547",12055,NA,"Mainland"
"1548",12056,NA,"Mainland"
"1549",12057,"nondev","Non-oceanic"
"1550",12063,"nondev","Non-oceanic"
"1551",12067,NA,"Mainland"
"1552",12068,NA,"Mainland"
"1553",12070,NA,NA
"1554",12074,NA,"Mainland"
"1555",12076,NA,NA
"1556",12081,NA,NA
"1557",12082,NA,NA
"1558",12083,NA,NA
"1559",12084,NA,NA
"1560",12085,NA,NA
"1561",12086,NA,NA
"1562",12087,NA,NA
"1563",12088,NA,NA
"1564",12089,NA,NA
"1565",12091,NA,NA
"1566",12092,NA,NA
"1567",12112,NA,NA
"1568",12151,NA,NA
"1569",12165,NA,"Mainland"
"1570",12200,NA,"Mainland"
"1571",12208,NA,NA
"1572",12209,NA,NA
"1573",12211,NA,NA
"1574",12212,NA,NA
"1575",12213,NA,NA
"1576",12214,NA,NA
"1577",12215,NA,NA
"1578",12217,NA,NA
"1579",12218,NA,NA
"1580",12219,NA,NA
"1581",12223,NA,NA
"1582",12225,NA,NA
"1583",12234,NA,NA
"1584",12235,NA,NA
"1585",12236,NA,NA
"1586",12237,NA,NA
"1587",12238,NA,NA
"1588",12239,NA,NA
"1589",12240,NA,NA
"1590",12241,NA,NA
"1591",12242,NA,NA
"1592",12243,NA,NA
"1593",12244,NA,NA
"1594",12245,NA,NA
"1595",12246,NA,NA
"1596",12247,NA,NA
"1597",12248,NA,NA
"1598",12249,NA,NA
"1599",12250,NA,NA
"1600",12251,NA,NA
"1601",12252,NA,NA
"1602",12253,NA,NA
"1603",12254,NA,NA
"1604",12255,NA,NA
"1605",12256,NA,NA
"1606",12257,NA,NA
"1607",12258,NA,NA
"1608",12259,NA,NA
"1609",12260,NA,NA
"1610",12261,NA,NA
"1611",12262,NA,NA
"1612",12263,NA,NA
"1613",12264,NA,NA
"1614",12265,NA,NA
"1615",12266,NA,NA
"1616",12302,NA,NA
"1617",12303,NA,NA
"1618",12304,NA,NA
"1619",12316,NA,NA
"1620",12334,NA,NA
"1621",12337,NA,NA
"1622",12338,NA,NA
"1623",12346,NA,NA
"1624",12348,NA,NA
"1625",12349,NA,NA
"1626",12350,NA,NA
"1627",12356,NA,NA
"1628",12364,NA,NA
"1629",12377,NA,NA
"1630",12406,NA,NA
"1631",12413,NA,NA
"1632",12433,NA,NA
"1633",12447,NA,NA
"1634",12448,NA,NA
"1635",12449,NA,NA
"1636",12450,NA,NA
"1637",12451,NA,NA
"1638",12452,NA,NA
"1639",12453,NA,NA
"1640",12456,NA,NA
"1641",12458,NA,NA
"1642",12459,NA,NA
"1643",12460,NA,NA
"1644",12463,NA,NA
"1645",12464,NA,NA
"1646",12465,NA,NA
"1647",12466,NA,NA
"1648",12467,NA,NA
"1649",12468,NA,NA
"1650",12471,NA,NA
"1651",12472,NA,NA
"1652",12473,NA,NA
"1653",12474,NA,NA
"1654",12478,NA,NA
"1655",12481,NA,NA
"1656",12483,NA,NA
"1657",12484,NA,NA
"1658",12485,NA,NA
"1659",12486,NA,NA
"1660",12487,NA,NA
"1661",12489,NA,NA
"1662",12490,NA,NA
"1663",12493,NA,NA
"1664",12497,NA,NA
"1665",12498,NA,NA
"1666",12499,NA,NA
"1667",12500,NA,NA
"1668",12501,NA,NA
"1669",12502,NA,NA
"1670",12504,NA,NA
"1671",12506,NA,NA
"1672",12508,NA,NA
"1673",12514,NA,NA
"1674",12516,NA,NA
"1675",12517,NA,NA
"1676",12519,NA,NA
"1677",12522,NA,NA
"1678",12523,NA,NA
"1679",12524,NA,NA
"1680",12526,NA,NA
"1681",12533,NA,NA
"1682",12548,NA,NA
"1683",12552,NA,NA
"1684",12553,NA,NA
"1685",12554,NA,NA
"1686",12555,NA,NA
"1687",12556,NA,NA
"1688",12557,NA,NA
"1689",12558,NA,NA
"1690",12559,NA,NA
"1691",12560,NA,NA
"1692",12561,NA,NA
"1693",12562,NA,NA
"1694",12583,NA,NA
"1695",12584,NA,NA
"1696",12585,NA,"Mainland"
"1697",12586,NA,"Mainland"
"1698",12587,NA,"Mainland"
"1699",12588,NA,NA
"1700",12589,NA,"Mainland"
"1701",12590,NA,"Mainland"
"1702",12591,NA,"Mainland"
"1703",12592,NA,"Mainland"
"1704",12593,NA,"Mainland"
"1705",12597,NA,NA
"1706",12598,NA,NA
"1707",12601,NA,NA
"1708",12602,NA,NA
"1709",12603,NA,NA
"1710",12604,NA,NA
"1711",12605,NA,NA
"1712",12607,NA,"Mainland"
"1713",12608,NA,"Mainland"
"1714",12609,NA,"Mainland"
"1715",12611,NA,"Mainland"
"1716",12616,NA,"Mainland"
"1717",12621,NA,"Mainland"
"1718",12624,NA,"Mainland"
"1719",12627,NA,NA
"1720",12628,NA,"Mainland"
"1721",12629,NA,NA
"1722",12630,NA,NA
"1723",12645,NA,NA
"1724",12646,NA,NA
"1725",12647,NA,NA
"1726",12648,NA,NA
